,0,1,2,3,4,5,6,7,8,11,12,13
0,NOTARÍA 4, SAN JOSE ITURBIDE, GUANAJUATO, CARACTER: TITULAR, ALLENDE 8 INT. D, CENTRO  SAN JOSE ITURBIDE, GUANAJUATO, Socio desde: 1998, ,abferrome@hotmail.com,,
1,NOTARÍA 77, LEON, GUANAJUATO, CARACTER: TITULAR, BLVD. DEL SOL 100 INT. 3, VALLE DEL SOL  LEON, GUANAJUATO, Socio desde: 2009, 01 477 716 7303,notario77leon@yahoo.com.mx,,
2,NOTARÍA 9, ACAMBARO, GUANAJUATO, CARACTER: TITULAR, GUADALUPE VICTORIA 319 INT. 1, CENTRO  ACAMBARO, GUANAJUATO, Socio desde: 2004, 0141 7172 5804,not9acambaro@prodigy.net.mx,,
3,NOTARÍA 32, GUANAJUATO, GUANAJUATO, CARACTER: TITULAR, JARDIN UNION Y ALLENDE 3 INT. 4, CENTRO  GUANAJUATO, GUANAJUATO, Socio desde: 2008, 01 473 73 20537,notario32_adriana@yahoo.com.mx,,
4,NOTARÍA 63, IRAPUATO, GUANAJUATO, CARACTER: TITULAR, PASEO DE LAS FRESAS 66, JARDINES DE IRAPUATO  IRAPUATO, GUANAJUATO, Socio desde: 2000, 0146 2624 3329,notaria63corona@hotmail.com,,
5,NOTARÍA 1, SAN JOSE ITURBIDE, GUANAJUATO, CARACTER: TITULAR, ALLENDE 8, CENTRO  SAN JOSE ITURBIDE, GUANAJUATO, Socio desde: 1976, ,albertoferronotariouno@hotmail.com,,
6,NOTARÍA 2, COMONFORT, GUANAJUATO, CARACTER: TITULAR, PIPILA 2-A, CENTRO  COMONFORT, GUANAJUATO, Socio desde: 2018, 014121562637,lic_alma_santoyo@hotmail.com,,
7,NOTARÍA 70, IRAPUATO, GUANAJUATO, CARACTER: TITULAR, BLVD. DIAZ ORDAZ 2888 INT. 2 PISO 1-1, FRACC. LAS REINAS  IRAPUATO, GUANAJUATO, Socio desde: 2011, LOS MISMOS,amartinez_macias@hotmail.com,,
8,NOTARÍA 3, GUANAJUATO, GUANAJUATO, CARACTER: TITULAR, JARDIN UNION Y ALLENDE 3 INT. 3, CENTRO  GUANAJUATO, GUANAJUATO, Socio desde: 2008, 01 473 73 27042,andres_notario3@yahoo.com.mx,,
9,NOTARÍA 25, GUANAJUATO, GUANAJUATO, CARACTER: TITULAR, CONDOMINIO AGORA DEL BARATILLO DESP 13, CENTRO  GUANAJUATO, GUANAJUATO, Socio desde: 1982, 01 473-732-29-80,notariapublica25@prodigy.net.mx,,
10,NOTARÍA 2, SAN FRANCISCO DEL RINCON, GUANAJUATO, CARACTER: TITULAR, CONCEPCION 204 B SUR, CENTRO  SAN FRANCISCO DEL RINCON, GUANAJUATO, Socio desde: 2018, 01 476 743 21 80,notario2sanfrancisco@prodigy.net.mx,,
11,NOTARÍA 1, IRAPUATO, GUANAJUATO, CARACTER: TITULAR, REVOLUCION 21 INT. 2NDO PISO, CENTRO  IRAPUATO, GUANAJUATO, Socio desde: 2008, 01 462 635 0080,armando_cabria@hotmail.com,,
12,NOTARÍA 8, VALLE DE SANTIAGO, GUANAJUATO, CARACTER: TITULAR, EMILIO CARRANZA 26, CENTRO  VALLE DE SANTIAGO, GUANAJUATO, Socio desde: 2008, 01 456 643 0092,tapanotario8_valledesantiago@hotmail.com,,
13,NOTARÍA 3, YURIRIA, GUANAJUATO, CARACTER: TITULAR, PORTAL ITURBIDE 4, CENTRO  YURIRIA, GUANAJUATO, Socio desde: 1993, 01 445 168-20-65,licarturo@prodigy.net.mx,,
14,NOTARÍA 9, CELAYA, GUANAJUATO, CARACTER: TITULAR, PIPILA 138, CENTRO  CELAYA, GUANAJUATO, Socio desde: 1984, EXT. 102,notaria9celaya@notaria9celaya.com,,
15,NOTARÍA 7, MANUEL DOBLADO, GUANAJUATO, CARACTER: TITULAR, PIPILA CD. MANUEL DOBLADO 9, ZONA CENTRO  MANUEL DOBLADO, GUANAJUATO, Socio desde: 2002, 01 432 74 406-06,arthurnot7@prodigy.net.mx,,
16,NOTARÍA 8, PURISIMA DEL RINCON, GUANAJUATO, CARACTER: TITULAR, BENITO JUAREZ 110, CENTRO  PURISIMA DEL RINCON, GUANAJUATO, Socio desde: 2008, 01 476 743 57 86,notariaochopurisima@prodigy.net.mx,,
17,NOTARÍA 87, LEON, GUANAJUATO, CARACTER: TITULAR, CONDOMINIO MADERO 219 INT. 112, CENTRO  LEON, GUANAJUATO, Socio desde: 2004, EL MISMO,notaria87_reyes@hotmail.com,,
18,NOTARÍA 1, JARAL DEL PROGRESO, GUANAJUATO, CARACTER: TITULAR, AV. JUAREZ 119 INT. ALTOS, CENTRO  JARAL DEL PROGRESO, GUANAJUATO, Socio desde: 2008, 01 411 6610627,basiliorojas@prodigy.net.mx,,
19,NOTARÍA 47, CELAYA, GUANAJUATO, CARACTER: TITULAR, PROL FRANCISCO I MADERO 716, CENTRO  CELAYA, GUANAJUATO, Socio desde: 2013, 14616139158,blancajg@prodigy.net.mx,,
20,NOTARÍA 3, CORTAZAR, GUANAJUATO, CARACTER: TITULAR, AV. ZARAGOZA 112 INT. C, CENTRO  CORTAZAR, GUANAJUATO, Socio desde: 1985, 0141 1160 1075,notblanca@prodigy.net.mx,,
21,NOTARÍA 60, IRAPUATO, GUANAJUATO, CARACTER: TITULAR, AV. JUAREZ 168 INT. 1ER PISO, ZONA CENTRO  IRAPUATO, GUANAJUATO, Socio desde: 2000, 01 462 624 83 83,notpub60casas@prodigy.net.mx,,
22,NOTARÍA 11, CELAYA, GUANAJUATO, CARACTER: TITULAR, VELAZQUEZ 405, ROSALINDA 1A. SECCION  CELAYA, GUANAJUATO, Socio desde: 2002, 01 461 614 33 12,lichurtadonp11@hotmail.com,,
23,NOTARÍA 7, SALVATIERRA, GUANAJUATO, CARACTER: TITULAR, MELCHOR OCAMPO 342, CENTRO  SALVATIERRA, GUANAJUATO, Socio desde: 2008, 01 466 663 0666,notariapublica07@hotmail.com,,
24,NOTARÍA 8, IRAPUATO, GUANAJUATO, CARACTER: TITULAR, BLVD. LAZARO CARDENAS 1691 INT. D, SAN PEDRO  IRAPUATO, GUANAJUATO, Socio desde: 2003, ,notariairapuato8@prodigy.net.mx,,
25,NOTARÍA 2, YURIRIA, GUANAJUATO, CARACTER: TITULAR, HIDALGO 34 INT. A, CENTRO  YURIRIA, GUANAJUATO, Socio desde: 1993, ,notaria2yuriria@msn.com,,
26,NOTARÍA 53, LEON, GUANAJUATO, CARACTER: TITULAR, CALLE RICARDO CASTRO 207, LEON MODERNO  LEON, GUANAJUATO, Socio desde: 1995, 01 477-714-22-37,echicos@prodigy.net.mx,,
27,NOTARÍA 82, LEON, GUANAJUATO, CARACTER: TITULAR, AV. ROMA 317, ANDRADE  LEON, GUANAJUATO, Socio desde: 1986, TEL. Y FAX,notariapublica82@duranycia.com,,
28,NOTARÍA 3, CELAYA, GUANAJUATO, CARACTER: TITULAR, ALVARO OBREGON 603, ALAMEDA  CELAYA, GUANAJUATO, Socio desde: 1992, LOS DOS TELEFONOS,notario@notaria3.com,,
29,NOTARÍA 47, LEON, GUANAJUATO, CARACTER: TITULAR, MANUEL S. VAZQUEZ 121, LOS PARAISOS  LEON, GUANAJUATO, Socio desde: 1990, TODOS LOS TELS.,emacicha47@hotmail.com,,
30,NOTARÍA 15, SAN FRANCISCO DEL RINCON, GUANAJUATO, CARACTER: TITULAR, CUAUHTEMOC 509 INT. 301, VILLAS DEL MORAL  SAN FRANCISCO DEL RINCON, GUANAJUATO, Socio desde: 2006, 01 476 743 5761,eriktorresnotario15@hotmail.com,,
31,NOTARÍA 6, CELAYA, GUANAJUATO, CARACTER: TITULAR, ALVARO OBREGON 377, ZONA CENTRO  CELAYA, GUANAJUATO, Socio desde: 1998, ,notaria6celaya@prodigy.net.mx,,
32,NOTARÍA 42, IRAPUATO, GUANAJUATO, CARACTER: TITULAR, PASEO MIRADOR DEL VALLE 630 INT. B, EJIDO VILLAS DE IRAPUATO  IRAPUATO, GUANAJUATO, Socio desde: 1970, 01 462 6350163,eam@alur.com.mx,,
33,NOTARÍA 67, IRAPUATO, GUANAJUATO, CARACTER: TITULAR, PASEO MIRADOR DEL VALLE 630 INT. B, VILLAS DE IRAPUATO  IRAPUATO, GUANAJUATO, Socio desde: 1997, 01 462-635-01-63,ealbo@grupoalde.com.mx,,
34,NOTARÍA 29, LEON, GUANAJUATO, CARACTER: TITULAR, SAN JUDAS TADEO 205, LA MARTINICA  LEON, GUANAJUATO, Socio desde: 2000, 01 477 763 29 63,eugeniochicog@aol.com,,
35,NOTARÍA 25, CELAYA, GUANAJUATO, CARACTER: TITULAR, AGUSTIN ARROYO CH 201 INT. A, ALAMEDA  CELAYA, GUANAJUATO, Socio desde: 1984, ,pes25@prodigy.net.mx,,
36,NOTARÍA 6, IRAPUATO, GUANAJUATO, CARACTER: TITULAR, BOULEVARD DIAZ ORDAZ 1225 INT. 801, LAS REYNAS  IRAPUATO, GUANAJUATO, Socio desde: 2008, 01 462 62 52205,feraal@prodigy.net.mx,,
37,NOTARÍA 6, URIANGATO, GUANAJUATO, CARACTER: TITULAR, MIGUEL HIDALGO 26, CENTRO  URIANGATO, GUANAJUATO, Socio desde: 1993, ,fidelvazquezm@prodigy.net.mx,,
38,NOTARÍA 21, CELAYA, GUANAJUATO, CARACTER: TITULAR, GRAL. IGNACIO ALLENDE SUR 122, ZONA CENTRO  CELAYA, GUANAJUATO, Socio desde: 2006, 01 461 612 6059,alejandro_lara_r@yahoo.com.mx,,
39,NOTARÍA 92, LEON, GUANAJUATO, CARACTER: TITULAR, ROCIO 307, JARDINES DEL MORAL  LEON, GUANAJUATO, Socio desde: 2013, 01477 779 57 18,notapu92@gmail.com,,
40,NOTARÍA 43, CELAYA, GUANAJUATO, CARACTER: TITULAR, BENITO JUAREZ SUR 115 INT. 101, ZONA CENTRO  CELAYA, GUANAJUATO, Socio desde: 1978, ,guizaalday@prodigy.net.mx,,
41,NOTARÍA 1, SAN FELIPE, GUANAJUATO, CARACTER: TITULAR, PROFESORES 22, CENTRO  SAN FELIPE, GUANAJUATO, Socio desde: 1984, ,nota1ortiz@hotmail.com,,
42,NOTARÍA 5, SILAO, GUANAJUATO, CARACTER: TITULAR, FUNDACION 15 ALTOS, CENTRO  SILAO, GUANAJUATO, Socio desde: 1977, 01 472-722-04-59,fvelazqueznotaria5@yahoo.com.mx,,
43,NOTARÍA 4, YURIRIA, GUANAJUATO, CARACTER: TITULAR, VICENTE GUERRERO 5 INT. A, CENTRO  YURIRIA, GUANAJUATO, Socio desde: 2010, 01 445 168 2121,notariacuatroyuriria@prodigy.net.mx,,
44,NOTARÍA 11, GUANAJUATO, GUANAJUATO, CARACTER: TITULAR, CASAMATA 15, LOMA DE POZUELOS  GUANAJUATO, GUANAJUATO, Socio desde: 2014, 01 473 733 9784,gabino_carbajo9@hotmail.com,,
45,NOTARÍA 60, LEON, GUANAJUATO, CARACTER: TITULAR, HIDALGO 212 INT. 405 A, CENTRO  LEON, GUANAJUATO, Socio desde: 2008, 01 477 716 6619,gpuente60@prodigy.net.mx,,
46,NOTARÍA 72, IRAPUATO, GUANAJUATO, CARACTER: TITULAR, CALLE PLAYA 554, LAS REYNAS  IRAPUATO, GUANAJUATO, Socio desde: 2003, MISMO,gloriayicheo@prodigy.net.mx,,
47,NOTARÍA 7, DOLORES HIDALGO, GUANAJUATO, CARACTER: TITULAR, GUERRERO 14, ZONA CENTRO  DOLORES HIDALGO, GUANAJUATO, Socio desde: 1998, (01 418) 182-23-33,gracielacarranza7@hotmail.com,,
48,NOTARÍA 10, ACAMBARO, GUANAJUATO, CARACTER: TITULAR, AVENIDA 1o DE MAYO 425, CENTRO  ACAMBARO, GUANAJUATO, Socio desde: 2008, 01 417 17 254 44,notariap10@hotmail.com,,
49,NOTARÍA 20, IRAPUATO, GUANAJUATO, CARACTER: TITULAR, GOMEZ FARIAS 405, CENTRO  IRAPUATO, GUANAJUATO, Socio desde: 2008, 01 462 627 0909,loren_garibay@hotmail.com,,
50,NOTARÍA 23, PASEO EL GRANDE, GUANAJUATO, CARACTER: TITULAR, MANUEL DOBLADO 113, CENTRO  PASEO EL GRANDE, GUANAJUATO, Socio desde: 1993, ,XXIII8a@hotmail.com,,
51,NOTARÍA 1, URIANGATO, GUANAJUATO, CARACTER: TITULAR, PORTAL INDEPENDENCIA 17, CENTRO  URIANGATO, GUANAJUATO, Socio desde: 1993, ,hecgartor@prodigy.net.mx,,
52,NOTARÍA 37, IRAPUATO, GUANAJUATO, CARACTER: TITULAR, AV. VICENTE GUERRERO 2 INT. 108 Y 110, ZONA CENTRO  IRAPUATO, GUANAJUATO, Socio desde: 1996, ,notaria37_fuerte@prodigy.net.mx,,
53,NOTARÍA 8, CELAYA, GUANAJUATO, CARACTER: TITULAR, RIO BRAVO, EDIFICIO MALDEZ 138 INT. B, ALAMEDA  CELAYA, GUANAJUATO, Socio desde: 1992,, 'com');notaria8celaya@yahoo.com],
54,NOTARÍA 34, GUANAJUATO, GUANAJUATO, CARACTER: TITULAR, BOULEVARD GUANAJUATO 67, POZUELOS  GUANAJUATO, GUANAJUATO, Socio desde: 2014, ,notaria34hmrs@hotmail.com,,
55,NOTARÍA 71, LEON, GUANAJUATO, CARACTER: TITULAR, LONDRES 106-A, ANDRADE  LEON, GUANAJUATO, Socio desde: 1970, 01 477 716 70 36,notaria71leon@hotmail.com,,
56,NOTARÍA 58, IRAPUATO, GUANAJUATO, CARACTER: TITULAR, BLVD. DIAZ ORDAZ 1225 INT. TORRE 1 DESPACHO 202, LAS REYNAS  IRAPUATO, GUANAJUATO, Socio desde: 2002, 01 462 135 01 11,notaria58irapuatogto@gmail.com,,
57,NOTARÍA 89, LEON, GUANAJUATO, CARACTER: TITULAR, BLVD.ADOLFO LOPEZ MATEOS 121 OTE INT. 202, ZONA CENTRO  LEON, GUANAJUATO, Socio desde: 1992, ,notpub89@prodigy.net.mx,,
58,NOTARÍA 2, GUANAJUATO, GUANAJUATO, CARACTER: TITULAR, PASEO DE LA PRESA 70 A INT. 3ER PISO, CENTRO  GUANAJUATO, GUANAJUATO, Socio desde: 1993, 01 473 73 1 21 16,notario2gtomx@yahoo.com.mx,,
59,NOTARÍA 9, VALLE DE SANTIAGO, GUANAJUATO, CARACTER: TITULAR, ZARAGOZA 65, ZONA CENTRO  VALLE DE SANTIAGO, GUANAJUATO, Socio desde: 2004, 01 456 643 01 67,jjslnotaria9@hotmail.com,,
60,NOTARÍA 109, LEON, GUANAJUATO, CARACTER: TITULAR, 5 DE MAYO 123 INT. DESPACHO 2-A EDIFICIO GALERIAS, CENTRO  LEON, GUANAJUATO, Socio desde: 2008, 01 477 713 2881,notaria109leon@outlook.es,,
61,NOTARÍA 32, LEON, GUANAJUATO, CARACTER: TITULAR, 20 DE ENERO PLANTA BAJA 322, CENTRO  LEON, GUANAJUATO, Socio desde: 1994, ,notariapublica32leon@hotmail.com,,
62,NOTARÍA 93, LEON GUANAJUATO, GUANAJUATO, CARACTER: TITULAR, EMILIANO ZAPATA 215 INT. P.A., ZONA CENTRO  LEON GUANAJUATO, GUANAJUATO, Socio desde: 2006, 01 477 714 78 73,camposasociados93@hotmail.com,,
63,NOTARÍA 10, IRAPUATO, GUANAJUATO, CARACTER: TITULAR, AVENIDA GUERRERO 293 INT. 201, ZONA CENTRO  IRAPUATO, GUANAJUATO, Socio desde: 2008, 01 462 62 60824,jesus_lopez_vanegas@hotmail.com,,
64,NOTARÍA 1, CELAYA, GUANAJUATO, CARACTER: TITULAR, PASEO DEL BAJIO 113, JARDINES DE CELAYA 1A. SECCION  CELAYA, GUANAJUATO, Socio desde: 1998, (01 461) 613-11-04,deanda@notaria1c.com.mx,,
65,NOTARÍA 84, LEON, GUANAJUATO, CARACTER: TITULAR, BLVD CAMPESTRE 206, JARDINES DEL MORAL  LEON, GUANAJUATO, Socio desde: 2014, 01 477 717 0174,jaime430@hotmail.com,,
66,NOTARÍA 91, LEON, GUANAJUATO, CARACTER: TITULAR, CALLE BEETHOVEN 205, LEON MODERNO  LEON, GUANAJUATO, Socio desde: 2004, 01 477 770 7010,notaria_91@hotmail.com,,
67,NOTARÍA 15, LEON, GUANAJUATO, CARACTER: TITULAR, PASEO DEL MORAL 315, JARDINES DEL MORAL  LEON, GUANAJUATO, Socio desde: 2000, LOS MISMOS,cesars@notaria15leon.com,,
68,NOTARÍA 104, LEON, GUANAJUATO, CARACTER: TITULAR, AVENIDA GUANAJUATO 405, JARDINES DEL MORAL  LEON, GUANAJUATO, Socio desde: 2000, ,luisvega@notaria104leon.com,,
69,NOTARÍA 100, LEON, GUANAJUATO, CARACTER: TITULAR, PASEO DE LOS INSURGENTES 210 INT. PLAZA 500, PISO 7, JARDINES DEL MORAL  LEON, GUANAJUATO, Socio desde: 1986,, 'net.mx');nota100@prodigy.net.mx],
70,NOTARÍA 9, SAN MIGUEL DE ALLENDE, GUANAJUATO, CARACTER: TITULAR, HIDALGO 35, CENTRO  SAN MIGUEL DE ALLENDE, GUANAJUATO, Socio desde: 1975, ,jorgegarcia@notaria9sma.com.mx,,
71,NOTARÍA 95, LEON, GUANAJUATO, CARACTER: TITULAR, PASEO DEL MORAL 506, FRACC. JARDINES DEL MORAL  LEON, GUANAJUATO, Socio desde: 1996, 01 477-716-64-79,jorgehcarpio@prodigy.net.mx,,
72,NOTARÍA 28, CELAYA, GUANAJUATO, CARACTER: TITULAR, AZTECAS 402 INT. ALTOS, LOS ANGELES  CELAYA, GUANAJUATO, Socio desde: 1982, ,negreteq@yahoo.com,,
73,NOTARÍA 49, IRAPUATO, GUANAJUATO, CARACTER: TITULAR, AV. PEDRO MARTINEZ VAZQUEZ 652, FRACC. EUCALIPTOS  IRAPUATO, GUANAJUATO, Socio desde: 1984, EXT. 109,, 'com.mx');jagh@notaria49irapuato.com.mx],
74,NOTARÍA 18, LEON, GUANAJUATO, CARACTER: TITULAR, CALLE FARALLON 226, JARDINES DEL MORAL  LEON, GUANAJUATO, Socio desde: 1995, ,notariajunquera_18@hotmail.com,,
75,NOTARÍA 45, LEON, GUANAJUATO, CARACTER: TITULAR, CALLE LAJA 126, JARDINES DEL MORAL  LEON, GUANAJUATO, Socio desde: 1995, LOS MISMOS,zavalanotaria@hotmail.com,,
76,NOTARÍA 37, LEON, GUANAJUATO, CARACTER: TITULAR, AV. ROMA 804 INT. 4, ANDRADE  LEON, GUANAJUATO, Socio desde: 2004, 01 477 714-28 39,notaria37_leon@yahoo.com.mx,,
77,NOTARÍA 107, LEON, GUANAJUATO, CARACTER: TITULAR, LA PAZ 222, CENTRO  LEON, GUANAJUATO, Socio desde: 1980, 0147 7716 9151,ciro107@prodigy.net.mx,,
78,NOTARÍA 36, IRAPUATO, GUANAJUATO, CARACTER: TITULAR, CALLE TRES GUERRAS 811, CENTRO  IRAPUATO, GUANAJUATO, Socio desde: 1975, 01 462-627-53-07,cancholanotaria36@yahoo.com.mx,,
79,NOTARÍA 30, LEON, GUANAJUATO, CARACTER: TITULAR, AVENIDA PANORAMA 508, PANORAMA  LEON, GUANAJUATO, Socio desde: 2000, 01 477 688 2400,corporativo@notaria30leon.com.mx,,
80,NOTARÍA 2, JUVENTINO ROSAS, GUANAJUATO, CARACTER: TITULAR, HIDALGO 208 INT. ALTOS, CENTRO  JUVENTINO ROSAS, GUANAJUATO, Socio desde: 2003, 01 412 15 740 43,huertayabogados1@prodigy.net.mx,,
81,NOTARÍA 19, LEON, GUANAJUATO, CARACTER: TITULAR, VENECIA (GLORIETA) 325 INT. A, ANDRADE  LEON, GUANAJUATO, Socio desde: 1996, 0147 7713 3261,jlomeli@notaria19.com.mx,,
82,NOTARÍA 64, IRAPUATO, GUANAJUATO, CARACTER: TITULAR, AV. ESCUELA MEDICO MILITAR CONJUNTO FLORIDA 88 INT. 1003 A – 10 PISO, JARDINES DE IRAPUATO  IRAPUATO, GUANAJUATO, Socio desde: 2008, 01 462 62 41000,asuntos.notaria64@hotmail.com,,
83,NOTARÍA 1, SAN FRANCISCO DEL RINCON, GUANAJUATO, CARACTER: TITULAR, TOMAS PADILLA 118, ZONA CENTRO  SAN FRANCISCO DEL RINCON, GUANAJUATO, Socio desde: 1995, ,notaria1_joseluis@hotmail.com,,
84,NOTARÍA 11, SAN MIGUEL DE ALLENDE., GUANAJUATO, CARACTER: TITULAR, UMARAN 18 INT. 1ER PISO, CENTRO  SAN MIGUEL DE ALLENDE., GUANAJUATO, Socio desde: 2008, ,abogadomartin@hotmail.com,,
85,NOTARÍA 53, IRAPUATO, GUANAJUATO, CARACTER: TITULAR, FRANCISCO SARABIA 122 PTE, LA MODERNA  IRAPUATO, GUANAJUATO, Socio desde: 2005, 01 462 624 0425,jlvazquezcamarena@notaria53irapuato.com.mx,,
86,NOTARÍA 9, SALAMANCA, GUANAJUATO, CARACTER: TITULAR, MONTERREY 201, CENTRO  SALAMANCA, GUANAJUATO, Socio desde: 1974, 01 464 64 8 01 22,notariapublica9@hotmail.com,,
87,NOTARÍA 98, LEON, GUANAJUATO, CARACTER: TITULAR, BLV. ADOLFO LOPEZ MATEOS 825 PTE INT. PLANTA BAJA, OBRERA  LEON, GUANAJUATO, Socio desde: 1994, TODAS LAS LINEAS,leonnotaria98@aol.com,,
88,NOTARÍA 5, YURIRIA, GUANAJUATO, CARACTER: TITULAR, HIDALGO 34 INT. C, CENTRO  YURIRIA, GUANAJUATO, Socio desde: 2000, ,guaj5905@prodigy.net.mx,,
89,NOTARÍA 13, GUANAJUATO, GUANAJUATO, CARACTER: TITULAR, SOPEÑA 5 INT. 1, CENTRO  GUANAJUATO, GUANAJUATO, Socio desde: 1979, ,notaria13gto@hotmail.com,,
90,NOTARÍA 11, PENJAMO, GUANAJUATO, CARACTER: TITULAR, PROLONGACION ABASOLO 209, SANTA ANA PACUECO  PENJAMO, GUANAJUATO, Socio desde: 1984, 01 352 526 3921,camacho_notaria11@hotmail.com,,
91,NOTARÍA 8, SILAO, GUANAJUATO, CARACTER: TITULAR, 5 DE MAYO 26 B, ZONA CENTRO  SILAO, GUANAJUATO, Socio desde: 2013, 14727221058,jzamoranotaria8silao@hotmail.com,,
92,NOTARÍA 3, SAN MIGUEL DE ALLENDE, GUANAJUATO, CARACTER: TITULAR, CANAL 134 , CENTRO  SAN MIGUEL DE ALLENDE, GUANAJUATO, Socio desde: 2004, 01415 152 0543,rubionot@prodigy.net.mx,,
93,NOTARÍA 5, LEON, GUANAJUATO, CARACTER: TITULAR, PROLONGACION CALZADA 106, LA MARTINICA  LEON, GUANAJUATO, Socio desde: 2004, 01 477 763 31 32,notario5@yahoo.com,,
94,NOTARÍA 41, LEON, GUANAJUATO, CARACTER: TITULAR, PURISIMA 504, MODERNA  LEON, GUANAJUATO, Socio desde: 1975, TELS. Y FAX,learandav@hotmail.com,,
95,NOTARÍA 2, SAN MIGUEL DE ALLENDE, GUANAJUATO, CARACTER: TITULAR, CALZADA DE LA PRESA 16, ZONA CENTRO  SAN MIGUEL DE ALLENDE, GUANAJUATO, Socio desde: 2004, ,lfshtalc@hotmail.com,,
96,NOTARÍA 22, LEON, GUANAJUATO, CARACTER: TITULAR, CALLE 5 DE FEBRERO 101 INT. 111, ZONA CENTRO  LEON, GUANAJUATO, Socio desde: 2010, 01 477 713 3028,notaria22leongto@yahoo.com.mx,,
97,NOTARÍA 27, LEON, GUANAJUATO, CARACTER: TITULAR, PASEO DE LOS INSURGENTES 210 INT. 601, JARDINES DEL MORAL  LEON, GUANAJUATO, Socio desde: 2010, 01 477 718 2411,lmha@prodigy.net.mx,,
98,NOTARÍA 14, LEON, GUANAJUATO, CARACTER: TITULAR, CHIAPAS 603, ARBIDE  LEON, GUANAJUATO, Socio desde: 2004, LOS MISMOS,notaria14leongto@yahoo.com.mx,,
99,NOTARÍA 52, IRAPUATO, GUANAJUATO, CARACTER: TITULAR, PASE DE LAS FRESAS 200, JARDINES DE IRAPUATO  IRAPUATO, GUANAJUATO, Socio desde: 2007, 01 462 6244065,juareznotaria52@hotmail.com,,
100,NOTARÍA 55, IRAPUATO, GUANAJUATO, CARACTER: TITULAR, BLVD. JUAN JOSE TORRES LANDA 783, CENTRO  IRAPUATO, GUANAJUATO, Socio desde: 1990, 01 462 626.52.55,mr.camarena@np55.com,,
101,NOTARÍA 31, GUANAJUATO, GUANAJUATO, CARACTER: TITULAR, AGORA DEL BARATILO INT. DESP 13, CENTRO  GUANAJUATO, GUANAJUATO, Socio desde: 2004, 0147 3732 2980,notaria31gto@hotmail.com,,
102,NOTARÍA 55, CELAYA, GUANAJUATO, CARACTER: TITULAR, VILLA HERMOSA 103, ALAMEDA  CELAYA, GUANAJUATO, Socio desde: 2007, 01 461 616 0440,notaria55mx@yahoo.es,,
103,NOTARÍA 105, LEON, GUANAJUATO, CARACTER: TITULAR, NIEBLA 209, JARDINES DEL MORAL  LEON, GUANAJUATO, Socio desde: 1995, 01 477-716-14-45,notaria_105@prodigy.net.mx,,
104,NOTARÍA 9, CORTAZAR, GUANAJUATO, CARACTER: TITULAR, PORTAL CONSTITUCION 105-B, ZONA CENTRO  CORTAZAR, GUANAJUATO, Socio desde: 1998, ,mategono@hotmail.com,,
105,NOTARÍA 64, LEON, GUANAJUATO, CARACTER: TITULAR, ALVARO OBREGON EDIF. 5 DE MAYO 101 INT. B – DESP 502, ZONA CENTRO  LEON, GUANAJUATO, Socio desde: 2009, 01 477 713 2841,rubioisusi@hotmail.com,,
106,NOTARÍA 18, IRAPUATO, GUANAJUATO, CARACTER: TITULAR, BOULEVARD DIAZ ORDAZ 3274 INT. DESPACHO 401, LAS REYNAS  IRAPUATO, GUANAJUATO, Socio desde: 2008, 01 46 26 24 0880,marcelachicoh@hotmail.com,,
107,NOTARÍA 51, IRAPUATO, GUANAJUATO, CARACTER: TITULAR, PROL. AV. GUERRERO EDIF. CENTRO PLAZA 3463 INT. 1ER PISO, LAS PLAZAS  IRAPUATO, GUANAJUATO, Socio desde: 1981, (01)462-625-43-59,abc1234@prodigy.net.mx,,
108,NOTARÍA 8, SAN MIGUEL DE ALLENDE, GUANAJUATO, CARACTER: TITULAR, HIDALGO 6, CENTRO  SAN MIGUEL DE ALLENDE, GUANAJUATO, Socio desde: 1975, ,despachoscarbajo@yahoo.com,,
109,NOTARÍA 19, GUANAJUATO, GUANAJUATO, CARACTER: TITULAR, SUBIDA BLVD. GUANAJUATO 16, NUEVO GUANAJUATO, POZUELOS  GUANAJUATO, GUANAJUATO, Socio desde: 1999,, 'com');nietocarmen@hotmail.com],
110,NOTARÍA 6, ACAMBARO, GUANAJUATO, CARACTER: TITULAR, DR. FRANCISCO SAMANO 69 INT. 2, CENTRO  ACAMBARO, GUANAJUATO, Socio desde: 1999, (01 417) 172-20-19,notaria6casasrosario@prodigy.net.mx,,
111,NOTARÍA 1, MANUEL DOBLADO, GUANAJUATO, CARACTER: TITULAR, IGNACIO ALLENDE 115 INT. 2, CENTRO  MANUEL DOBLADO, GUANAJUATO, Socio desde: 1999, (01 432) 744-01-48,lopezcarmonarosario@prodigy.net.mx,,
112,NOTARÍA 10, PURISIMA DEL RINCON, GUANAJUATO, CARACTER: TITULAR, JOSE LOPEZ MOJICA 113, CENTRO  PURISIMA DEL RINCON, GUANAJUATO, Socio desde: 2008, ,notaria10purisimagto@hotmail.com,,
113,NOTARÍA 4, VALLE DE SANTIAGO, GUANAJUATO, CARACTER: TITULAR, EMILIO CARRANZA 42 INT. B INTERIOR 1, ZONA CENTRO  VALLE DE SANTIAGO, GUANAJUATO, Socio desde: 2008, 01 456 64 329 32,notaria4valle@gmail.com,,
114,NOTARÍA 1, LEON, GUANAJUATO, CARACTER: TITULAR, INDEPENDENCIA 212, CENTRO  LEON, GUANAJUATO, Socio desde: 2008, 01 477 716 0034,notaria1leon@hotmail.com,,
115,NOTARÍA 106, LEON, GUANAJUATO, CARACTER: TITULAR, LUIS DIAZ INFANTE 157, LOS PARAISOS  LEON, GUANAJUATO, Socio desde: 1980, 0147 7717 8472,notaria106c@prodigy.net.mx,,
116,NOTARÍA 2, SAN FELIPE, GUANAJUATO, CARACTER: TITULAR, ALVARO OBREGON 210, CENTRO  SAN FELIPE, GUANAJUATO, Socio desde: 1982, 01 428 685 04 60,mariozavala_perez@hotmail.com,,
117,NOTARÍA 4, SAN MIGUEL DE ALLENDE, GUANAJUATO, CARACTER: TITULAR, CALZADA DE LA LUZ 21, ZONA CENTRO  SAN MIGUEL DE ALLENDE, GUANAJUATO, Socio desde: 2005, 01 415 1549973,cerroblanconotaria@yahoo.com.mx,,
118,NOTARÍA 1, DOLORES HIDALGO, GUANAJUATO, CARACTER: TITULAR, ZACATECAS 42, ZONA CENTRO  DOLORES HIDALGO, GUANAJUATO, Socio desde: 1999, MISMOS,notaria_1@hotmail.com,,
119,NOTARÍA 24, IRAPUATO, GUANAJUATO, CARACTER: TITULAR, AV. ALVARO OBREGON 36, CENTRO  IRAPUATO, GUANAJUATO, Socio desde: 1983, ,bala_gomi@hotmail.com,,
120,NOTARÍA 37, CELAYA, GUANAJUATO, CARACTER: TITULAR, ALVARO OBREGON 412, ALAMEDA  CELAYA, GUANAJUATO, Socio desde: 1997, 01 461-613-67-61,chicohma@prodigy.net.mx,,
121,NOTARÍA 4, SAN FRANCISCO DEL RINCON, GUANAJUATO, CARACTER: TITULAR, CALLE JOSEFA ORTIZ DE DOMINGUEZ, PLAZA DIAMANTE 303 G INT. LOCAL 7, CENTRO,  SAN FRANCISCO DEL RINCON, GUANAJUATO,, 'yahoo', 'com.mx');notariopublico04@yahoo.com.mx]
122,NOTARÍA 3, URIANGATO, GUANAJUATO, CARACTER: TITULAR, 5 DE MAYO 7 INT. 5, CENTRO  URIANGATO, GUANAJUATO, Socio desde: 2006, 01 445 457 7651,notariafranco@prodigy.net.mx,,
123,NOTARÍA 22, CELAYA, GUANAJUATO, CARACTER: TITULAR, DANTE 103, RENACIMIENTO  CELAYA, GUANAJUATO, Socio desde: 1998, ,administrativo@notaria22celaya.com,,
124,NOTARÍA 18, GUANAJUATO, GUANAJUATO, CARACTER: TITULAR, PASAJE AGORA DEL BARATILLO DESP 15, CENTRO  GUANAJUATO, GUANAJUATO, Socio desde: 1981, ,noragutierrezmena@prodigy.net.mx,,
125,NOTARÍA 83, LEON, GUANAJUATO, CARACTER: TITULAR, BLVD ADOLFO LOPEZ MATEOS 121 INT. 101, CENTRO  LEON, GUANAJUATO, Socio desde: 2014, ,lizardinieto@hotmail.com,,
126,NOTARÍA 14, SAN MIGUEL DE ALLENDE, GUANAJUATO, CARACTER: TITULAR, BOULEVARD DE LA CONSPIRACION 11, FRACCIONAMIENTO LA LUZ  SAN MIGUEL DE ALLENDE, GUANAJUATO, Socio desde: 2000, LOS MISMOS,notaria14arroyo@prodigy.net.mx,,
127,NOTARÍA 65, LEON, GUANAJUATO, CARACTER: TITULAR, BLVD. ADOLFO LOPEZ MATEOS 825 PTE INT. PLANTA BAJA, OBRERA  LEON, GUANAJUATO, Socio desde: 2004, 01 477 470 7200,ptoriello@toriellonotarias.com.mx,,
128,NOTARÍA 23, IRAPUATO, GUANAJUATO, CARACTER: TITULAR, TRES GUERRAS 520, CENTRO  IRAPUATO, GUANAJUATO, Socio desde: 1979, ,notaria23irapuato@hotmail.com,,
129,NOTARÍA 27, IRAPUATO, GUANAJUATO, CARACTER: TITULAR, TRESGUERRAS 520 INT. 1, CENTRO  IRAPUATO, GUANAJUATO, Socio desde: 2000, (01 462) 626-65-86,szp@prodigy.net.mx,,
130,NOTARÍA 16, SALAMANCA, GUANAJUATO, CARACTER: TITULAR, VASCO DE QUIROGA 103-A, CENTRO  SALAMANCA, GUANAJUATO, Socio desde: 1975, 01 464-648-20-47,notariapublica16gto@yahoo.com.mx,,
131,NOTARÍA 7, MOROLEON, GUANAJUATO, CARACTER: TITULAR, PORTAL ALDAMA 3 INT. 8, CENTRO  MOROLEON, GUANAJUATO, Socio desde: 2009, 01 445 45 72380,rene_lemus@hotmail.com,,
132,NOTARÍA 13, SILAO, GUANAJUATO, CARACTER: TITULAR, MADERO 2 INT. ALTOS, ZONA CENTRO  SILAO, GUANAJUATO, Socio desde: 2004, 01 472 722 33 48,razuela2002@hotmail.com,,
133,NOTARÍA 44, CELAYA, GUANAJUATO, CARACTER: TITULAR, BENITO JUAREZ SUR 119, ZONA CENTRO  CELAYA, GUANAJUATO, Socio desde: 1989, (01 461) 613 90-88,notario44celaya@yahoo.com.mx,,
134,NOTARÍA 101, LEON, GUANAJUATO, CARACTER: TITULAR, BLVD. ADOLFO LOPEZ MATEOS 307 OTE, CENTRO  LEON, GUANAJUATO, Socio desde: 1997, 01 477 713 55 33,ricsolis@prodigy.net.mx,,
135,NOTARÍA 36, CELAYA, GUANAJUATO, CARACTER: TITULAR, PASEO DEL BAJIO 603, JARDINES DE CELAYA 3A SECCION  CELAYA, GUANAJUATO, Socio desde: 1971, 01 461 612 2385,romualdoorozcov@hotmail.com,,
136,NOTARÍA 3, HUANIMARO, GUANAJUATO, CARACTER: TITULAR, CALLE HIDALGO S/N, CENTRO  HUANIMARO, GUANAJUATO, Socio desde: 2011, 01 469 692 0102,ravilant3@hotmail.com,,
137,NOTARÍA 12, PENJAMO, GUANAJUATO, CARACTER: TITULAR, MANUEL DOBLADO 14 INT. PLANTA BAJA, CENTRO  PENJAMO, GUANAJUATO, Socio desde: 2008, 01 469 69 20607,rugafa@msn.com,,
138,NOTARÍA 1, ROMITA, GUANAJUATO, CARACTER: TITULAR, ALLENDE 25, CENTRO  ROMITA, GUANAJUATO, Socio desde: 1999, 01 432) 745-20-39,rubennotaria1romita@gmail.com,,
139,NOTARÍA 5, IRAPUATO, GUANAJUATO, CARACTER: TITULAR, EDUARDO FARFAN 656, EUCALIPTOS  IRAPUATO, GUANAJUATO, Socio desde: 2002, 01 462 62 468 35,notariocinco@gmail.com,,
140,NOTARÍA 50, CELAYA, GUANAJUATO, CARACTER: TITULAR, BLVD. ADOLFO LOPEZ MATEOS 1023 PTE INT. ALTOS, ZONA CENTRO  CELAYA, GUANAJUATO, Socio desde: 1992, ,notariap50@gmail.com,,
141,NOTARÍA 5, SAN MIGUEL DE ALLENDE, GUANAJUATO, CARACTER: TITULAR, HOSPICIO 40, CENTRO  SAN MIGUEL DE ALLENDE, GUANAJUATO, Socio desde: 1995, ,sotoguerrero@prodigy.net.mx,,
142,NOTARÍA 3, MOROLEON, GUANAJUATO, CARACTER: TITULAR, DEFENSORES DE MOROLEON EDIF. MALOMA 323 INT. 106, CENTRO  MOROLEON, GUANAJUATO, Socio desde: 1990, ,notariotres@prodigy.net.mx,,
143,NOTARÍA 4, CORTAZAR, GUANAJUATO, CARACTER: TITULAR, JUSTO SIERRA 128, ZONA CENTRO  CORTAZAR, GUANAJUATO, Socio desde: 2008, 01 411 15 5 0969,notaria4cortazar@hotmail.com,,
144,NOTARÍA 110, LEON, GUANAJUATO, CARACTER: TITULAR, TORRE PLAZA 500 INT. DESPACHO 12 PISO C-1, JARDINES DEL MORAL  LEON, GUANAJUATO, Socio desde: 2014, ,notareg@prodigy.net.mx,,
145,NOTARÍA 6, SALVATIERRA, GUANAJUATO, CARACTER: TITULAR, BENITO JUAREZ 710, CENTRO  SALVATIERRA, GUANAJUATO, Socio desde: 2010, 01 466 663 0582,saulfloresprieto@hotmail.com,,
146,NOTARÍA 10, LEON, GUANAJUATO, CARACTER: TITULAR, ROCIO 311, JARDINES DEL MORAL  LEON, GUANAJUATO, Socio desde: 2002, 01 477 716 13 49,scanocastro1@hotmail.com,,
147,NOTARÍA 4, SALAMANCA, GUANAJUATO, CARACTER: TITULAR, MINATITLAN 216, BELLAVISTA  SALAMANCA, GUANAJUATO, Socio desde: 1998, TEL. Y FAX,spdeltoro@notaria4.net,,
148,NOTARÍA 11, SILAO, GUANAJUATO, CARACTER: TITULAR, HONDA 15 INT. G, CENTRO  SILAO, GUANAJUATO, Socio desde: 2002, 0147 2722 22 91,silao11@prodigy.net.mx,,
149,NOTARÍA 6, SALAMANCA, GUANAJUATO, CARACTER: TITULAR, MINA 210, CENTRO  SALAMANCA, GUANAJUATO, Socio desde: 1998, (01 464) 647-25-10,notpub6@prodigy.net.mx,,
150,NOTARÍA 21, SALAMANCA, GUANAJUATO, CARACTER: TITULAR, PIPILA 111-A INT. DESP 3, CENTRO  SALAMANCA, GUANAJUATO, Socio desde: 1980, 01 464 648-19-25,notaria21@hotmail.com,,
151,NOTARÍA 103, LEON, GUANAJUATO, CARACTER: TITULAR, BLVD. FRANCISCO GONZALEZ BOCANEGRA 301, LEON MODERNO  LEON, GUANAJUATO, Socio desde: 2007, ,notaria103@yahoo.com.mx,,
152,NOTARÍA 6, SAN FRANCISCO DEL RINCON, GUANAJUATO, CARACTER: TITULAR, FRANCICO OROZCO MUÑOZ S/N, ZONA CENTRO  SAN FRANCISCO DEL RINCON, GUANAJUATO, Socio desde: 2018, 01 476 743 56 78,notaria6.sfr@yahoo.com,,
153,NOTARÍA 70, LEON, GUANAJUATO, CARACTER: TITULAR, ROMA 902, ANDRADE  LEON, GUANAJUATO, Socio desde: 2004, 01477 713 8710,notp58@hotmail.com,,
